{
  "1 night": [ "stay", "1" ],
  "2 nights": [ "stay", "2" ],
  "3 nights": [ "stay", "3" ],
  "4 nights": [ "stay", "4" ],
  "5 nights": [ "stay", "5" ],
  "6 nights": [ "stay", "6" ],
  "7 nights": [ "stay", "7" ],
  "8 nights": [ "stay", "8" ],
  "9 nights": [ "stay", "9" ],
  "1 day": [ "stay", "1" ],
  "2 days": [ "stay", "2" ],
  "3 days": [ "stay", "3" ],
  "4 days": [ "stay", "4" ],
  "5 days": [ "stay", "5" ],
  "6 days": [ "stay", "6" ],
  "7 days": [ "stay", "7" ],
  "8 days": [ "stay", "8" ],
  "9 days": [ "stay", "9" ],
  "1 person": [ "people", "1" ],
  "2 people": [ "people", "2" ],
  "3 people": [ "people", "3" ],
  "4 people": [ "people", "4" ],
  "5 people": [ "people", "5" ],
  "6 people": [ "people", "6" ],
  "7 people": [ "people", "7" ],
  "8 people": [ "people", "8" ],
  "9 people": [ "people", "9" ],
  "0-star": [ "stars", "0" ],
  "1-star": [ "stars", "1" ],
  "2-star": [ "stars", "2" ],
  "3-star": [ "stars", "3" ],
  "4-star": [ "stars", "4" ],
  "5-star": [ "stars", "5" ],
  "0-stars": [ "stars", "0" ],
  "1-stars": [ "stars", "1" ],
  "2-stars": [ "stars", "2" ],
  "3-stars": [ "stars", "3" ],
  "4-stars": [ "stars", "4" ],
  "5-stars": [ "stars", "5" ],
  "0 star": [ "stars", "0" ],
  "1 star": [ "stars", "1" ],
  "2 star": [ "stars", "2" ],
  "3 star": [ "stars", "3" ],
  "4 star": [ "stars", "4" ],
  "5 star": [ "stars", "5" ],
  "0 stars": [ "stars", "0" ],
  "1 stars": [ "stars", "1" ],
  "2 stars": [ "stars", "2" ],
  "3 stars": [ "stars", "3" ],
  "4 stars": [ "stars", "4" ],
  "5 stars": [ "stars", "5" ]
}